House/Neil_Abercrombie.htm	Neil Abercrombie
Spencer_Abraham.htm	Spencer Abraham
House/Anibal_Acevedo-Vila.htm	Anibal Acevedo-Vila
NY/Gary_Ackerman.htm	Gary Ackerman
House/Robert_Aderholt.htm	Robert Aderholt
Senate/Daniel_Akaka.htm	Daniel Akaka
House/Todd_Akin.htm	Todd Akin
Senate/Lamar_Alexander.htm	Lamar Alexander
http://www.OnTheIssues.org/House/Rodney_Alexander.htm	Rodney Alexander
Senate/Wayne_Allard.htm	Wayne Allard
Senate/George_Allen.htm	George Allen
House/Tom_Allen.htm	Tom Allen
Lincoln_Almond.htm	Lincoln Almond
NJ/Rob_Andrews.htm	Rob Andrews
http://www.issues2000.org/Frank_Annunziata.htm	Frank Annunziata
http://www.MassScorecard.org/MA_Senate/Robert_Antonioni.htm	Robert Antonioni
TX/Bill_Archer.htm	Bill Archer
TX/Dick_Armey.htm	Dick Armey
John_Ashcroft.htm	John Ashcroft
CA/Joe_Baca.htm	Joe Baca
House/Spencer_Bachus.htm	Spencer Bachus
Senate2000/Jan_Backus.htm	Jan Backus
Michael_Badnarik.htm	Michael Badnarik
http://www.MassScorecard.org/MA_Senate/Steven_Baddour.htm	Steven Baddour
House/Scotty_Baesler.htm	Scotty Baesler
House/Brian_Baird.htm	Brian Baird
CA/Bill_Baker.htm	Bill Baker
House/Richard_Baker.htm	Richard Hugh Baker
House/John_Baldacci.htm	John Baldacci
House/Tammy_Baldwin.htm	Tammy Baldwin
http://www.OnTheIssues.org/NC/Frank_Ballance.htm	Frank Ballance
Senate2000/Ben_Ballenger.htm	Ben Ballenger
NC/Cass_Ballenger.htm	Cass Ballenger
MI/James_Barcia.htm	James Barcia
Roy_Barnes.htm	Roy Barnes
GA/Bob_Barr.htm	Bob Barr
House/Bill_Barrett.htm	Bill Barrett
http://www.OnTheIssues.org/House/Gresham_Barrett.htm	Gresham Barrett
House/Tom_Barrett.htm	Tom Barrett
http://www.MassScorecard.org/MA_Senate/Jarrett_Barrios.htm	Jarrett Barrios
House/Roscoe_Bartlett.htm	Roscoe Bartlett
TX/Joe_Linus_Barton.htm	Joe Linus Barton
House/Chuck_Bass.htm	Chuck Bass
VA/Herb_Bateman.htm	Herb Bateman
Senate/Max_Baucus.htm	Max Baucus
Gary_Bauer.htm	Gary Bauer
Senate/Evan_Bayh.htm	Evan Bayh
http://www.OnTheIssues.org/House/Bob_Beauprez.htm	Bob Beauprez
CA/Xavier_Becerra.htm	Xavier Becerra
http://www.OnTheIssues.org/TX/Chris_Bell.htm	Chris Bell
Senate2000/Medea_Benjamin.htm	Medea Benjamin
Senate/Robert_Bennett.htm	Robert Bennett
TX/Ken_Bentsen.htm	Ken Bentsen
House/Doug_Bereuter.htm	Doug Bereuter
House/Shelley_Berkley.htm	Shelley Berkley
CA/Howard_Berman.htm	Howard Berman
http://www.issues2000.org/Ed_Bernstein.htm	Ed Bernstein
http://www.MassScorecard.org/MA_Senate/Frederick_Berry.htm	Frederick Berry
House/Marion_Berry.htm	Marion Berry
Senate/Joe_Biden.htm	Joe Biden
IL/Judy_Biggert.htm	Judy Biggert
CA/Brian_Bilbray.htm	Brian Bilbray
FL/Michael_Bilirakis.htm	Michael Bilirakis
Senate/Jeff_Bingaman.htm	Jeff Bingaman
Tom_Birmingham.htm	Tom Birmingham
http://www.OnTheIssues.org/House/Rob_Bishop.htm	Rob Bishop
GA/Sanford_Bishop.htm	Sanford Bishop
http://www.OnTheIssues.org/NY/Tim_Bishop.htm	Tim Bishop
http://www.OnTheIssues.org/House/Marsha_Blackburn.htm	Marsha Blackburn
IL/Rod_Blagojevich.htm	Rod Blagojevich
VA/Tom_Bliley.htm	Tom Bliley
http://www.issues2000.org/Alan_Blinken.htm	Alan Blinken
House/Earl_Blumenauer.htm	Earl Blumenauer
House/Roy_Blunt.htm	Roy Blunt
MA/Peter_Blute.htm	Peter Blute
NY/Sherry_Boehlert.htm	Sherry Boehlert
OH/John_Boehner.htm	John Boehner
Senate/Kit_Bond.htm	Kit Bond
TX/Henry_Bonilla.htm	Henry Bonilla
MI/David_Bonior.htm	David Bonior
http://www.OnTheIssues.org/House/Jo_Bonner.htm	Jo Bonner
CA/Mary_Bono.htm	Mary Bono
CA/Sonny_Bono.htm	Sonny Bono
PA/Robert_Borski.htm	Robert Borski
House/Leonard_Boswell.htm	Leonard Boswell
VA/Rick_Boucher.htm	Rick Boucher
http://www.issues2000.org/Carlton_Bowen.htm	Carlton Bowen
Senate/Erskine_Bowles.htm	Erskine Bowles
Senate/Barbara_Boxer.htm	Barbara Boxer
FL/Allen_Boyd.htm	Allen Boyd
http://www.issues2000.org/Bill_Bradbury.htm	Bill Bradbury
Bill_Bradley.htm	Bill Bradley
http://www.OnTheIssues.org/House/Jeb_Bradley.htm	Jeb Bradley
TX/Kevin_Brady.htm	Kevin Brady
PA/Robert_Brady.htm	Robert Brady
Senate/John_Breaux.htm	John Breaux
Phil_Bredesen.htm	Phil Bredesen
http://www.MassScorecard.org/MA_Senate/Stephen_Brewer.htm	Stephen Brewer
Stephen_Breyer.htm	Stephen Breyer
CA/Susan_Brooks.htm	Susan Brooks
FL/Corrine_Brown.htm	Corrine Brown
CA/George_Brown.htm	George Brown
Senate/Hank_Brown.htm	Hank Brown
House/Henry_Brown.htm	Henry Brown
OH/Sherrod_Brown.htm	Sherrod Brown
Senate2000/Troy_Brown.htm	Troy Brown
Senate/Sam_Brownback.htm	Sam Brownback
Harry_Browne.htm	Harry Browne
http://www.OnTheIssues.org/FL/Ginny_Brown-Waite.htm	Ginny Brown-Waite
Senate/Richard_Bryan.htm	Richard Bryan
House/Ed_Bryant.htm	Ed Bryant
Pat_Buchanan.htm	Pat Buchanan
Senate/Dale_Bumpers.htm	Dale Bumpers
Senate/Jim_Bunning.htm	Jim Bunning
http://www.OnTheIssues.org/TX/Michael_Burgess.htm	Michael Burgess
Senate/Conrad_Burns.htm	Conrad Burns
http://www.OnTheIssues.org/GA/Max_Burns.htm	Max Burns
NC/Richard_Burr.htm	Richard Burr
Senate2000/Tom_Burrell.htm	Tom Burrell
IN/Dan_Burton.htm	Dan Burton
George_Bush_Sr_.htm	George Bush Sr.
George_W__Bush.htm	George W. Bush
Jeb_Bush.htm	Jeb Bush
IN/Steve_Buyer.htm	Steve Buyer
Senate/Robert_Byrd.htm	Robert Byrd
Sila_Calderon.htm	Sila Calderon
House/Sonny_Callahan.htm	Sonny Callahan
CA/Ken_Calvert.htm	Ken Calvert
Senate2000/Jose_Camahort.htm	Jose Camahort
MI/Dave_Camp.htm	Dave Camp
Senate/Ben_Nighthorse_Campbell	Ben Nighthorse Campbell
CA/Tom_Campbell.htm	Tom Campbell
FL/Charles_Canady.htm	Charles Canady
House/Chris_Cannon.htm	Chris Cannon
VA/Eric_Cantor.htm	Eric Cantor
Senate/Maria_Cantwell.htm	Maria Cantwell
House/Shelley_Capito.htm	Shelley Moore Capito
CA/Lois_Capps.htm	Lois Capps
MA/Michael_Capuano.htm	Michael Capuano
House/Benjamin_Cardin.htm	Benjamin Cardin
http://www.OnTheIssues.org/CA/Dennis_Cardoza.htm	Dennis Cardoza
Senate/Jean_Carnahan.htm	Jean Carnahan
Senate2000/Mel_Carnahan.htm	Mel Carnahan
Senate/Tom_Carper.htm	Tom Carper
House/Brad_Carson.htm	Brad Carson
IN/Julia_Carson.htm	Julia Carson
Jimmy_Carter.htm	Jimmy Carter
http://www.OnTheIssues.org/TX/John_Carter.htm	John Carter
http://www.OnTheIssues.org/House/Ed_Case.htm	Ed Case
House/Michael_Castle.htm	Michael Castle
Ben_Cayetano.htm	Ben Cayetano
Senate2000/Ted_Celeste.htm	Ted Celeste
Paul_Celucci.htm	Paul Celucci
OH/Steve_Chabot.htm	Steve Chabot
Senate/John_Chafee.htm	John Chafee
Senate/Lincoln_Chafee.htm	Lincoln Chafee
http://www.issues2000.org/Saxby_Chambliss.htm	Saxby Chambliss
http://www.MassScorecard.org/MA_Senate/Harriette_Chandler.htm	Harriette Chandler
Senate2000/Hazel_Chandler.htm	Hazel Chandler
Elaine_Chao.htm	Elaine Chao
Dick_Cheney.htm	Dick Cheney
House/Helen_Chenoweth.htm	Helen Chenoweth
http://www.OnTheIssues.org/IN/Chris_Chocola.htm	Chris Chocola
Noam_Chomsky.htm	Noam Chomsky
House/Donna_Christensen.htm	Donna Christensen
House/Jon_Christensen.htm	Jon Christensen
MI/Dick_Chrysler.htm	Dick Chrysler
Senate2000/Jeff_Clark.htm	Jeff Clark
2004/Wesley_Clark.htm	Wesley Clark
http://www.issues2000.org/Ray_Clatworthy.htm	Ray Clatworthy
House/Bill_Clay.htm	William Lacy Clay
NC/Eva_Clayton.htm	Eva Clayton
Senate/Max_Cleland.htm	Max Cleland
House/Bob_Clement.htm	Bob Clement
PA/Bill_Clinger.htm	Bill Clinger
Bill_Clinton.htm	Bill Clinton
Senate/Hillary_Clinton.htm	Hillary Clinton
House/James_Clyburn.htm	James Clyburn
Senate/Daniel_Coats.htm	Daniel Coats
NC/John_Coble.htm	John Howard Coble
House/Tom_Coburn.htm	Tom Coburn
Senate/Thad_Cochran.htm	Thad Cochran
Senate/Burt_Cohen.htm	Burt Cohen
Senate/William_Cohen.htm	William Cohen
http://www.OnTheIssues.org/House/Tom_Cole.htm	Tom Cole
http://www.issues2000.org/Norm_Coleman.htm	Norm Coleman
GA/Mac_Collins.htm	Mac Collins
Senate/Susan_Collins.htm	Susan Collins
TX/Larry_Combest.htm	Larry Combest
CA/Gary_Condit.htm	Gary Condit
Senate/Kent_Conrad.htm	Kent Conrad
MI/John_Conyers.htm	John Conyers
House/Merrill_Cook.htm	Merrill Cook
House/John_Cooksey.htm	John Cooksey
House/Wes_Cooley.htm	Wes Cooley
http://www.OnTheIssues.org/House/Jim_Cooper.htm	Jim Cooper
http://www.issues2000.org/Joyce_Jansa_Corcoran.htm	Joyce Jansa Corcoran
http://www.issues2000.org/John_Cornyn.htm	John Cornyn
Senate/Jon_Corzine.htm	Jon Corzine
IL/Jerry_Costello.htm	Jerry Costello
Senate/Paul_Coverdell.htm	Paul Coverdell
CA/Christopher_Cox.htm	Christopher Cox
PA/William_Coyne.htm	William Coyne
Senate/Larry_Craig.htm	Larry Craig
House/Bud_Cramer.htm	Bud Cramer
IL/Philip_Crane.htm	Philip Crane
Senate/Michael_Crapo.htm	Michael Crapo
http://www.MassScorecard.org/MA_Senate/Robert_Creedon.htm	Robert Creedon
http://www.MassScorecard.org/MA_Senate/Cynthia_Creem.htm	Cynthia Creem
OH/Frank_Cremeans.htm	Frank Cremeans
FL/Ander_Crenshaw.htm	Ander Crenshaw
NY/Joseph_Crowley.htm	Joseph Crowley
House/Barbara_Cubin.htm	Barbara Cubin
TX/John_Culberson.htm	John Culberson
House/Elijah_Cummings.htm	Elijah Cummings
CA/Duke_Cunningham.htm	Duke Cunningham
Andrew_Cuomo.htm	Andrew Cuomo
Mario_Cuomo.htm	Mario Cuomo
Senate/Al_D_Amato.htm	Al D'Amato
House/Pat_Danner.htm	Pat Danner
Senate/Tom_Daschle.htm	Tom Daschle
http://www.OnTheIssues.org/House/Artur_Davis.htm	Artur Davis
IL/Danny_Davis.htm	Danny Davis
Gray_Davis.htm	Gray Davis
FL/Jim_Davis.htm	Jim Davis
VA/Jo_Ann_Davis.htm	Jo Ann Davis
http://www.OnTheIssues.org/House/Lincoln_Davis.htm	Lincoln Davis
CA/Susan_Davis.htm	Susan Davis
VA/Tom_Davis.htm	Tom Davis
Senate/Mark_Dayton.htm	Mark Dayton
GA/Nathan_Deal.htm	Nathan Deal
Howard_Dean.htm	Howard Dean
House/Peter_Defazio.htm	Peter Defazio
House/Diana_DeGette.htm	Diana DeGette
MA/Bill_Delahunt.htm	Bill Delahunt
House/Rosa_DeLauro.htm	Rosa DeLauro
TX/Tom_DeLay.htm	Tom DeLay
House/Jim_DeMint.htm	Jim DeMint
FL/Peter_Deutsch.htm	Peter Deutsch
Senate/Mike_DeWine.htm	Mike DeWine
Senate2000/Jim_Dexter.htm	Jim Dexter
FL/Lincoln_Diaz-Balart.htm	Lincoln Diaz-Balart
http://www.OnTheIssues.org/FL/Mario_Diaz-Balart.htm	Mario Diaz-Balart
House/Jay_Dickey.htm	Jay Dickey
House/Norm_Dicks.htm	Norm Dicks
Donny_DiFrancesco.htm	Donny DiFrancesco
MI/John_Dingell.htm	John Dingell
CA/Julian_Dixon.htm	Julian Dixon
Senate2000/Princella_Dixon.htm	Princella Dixon
Senate/Chris_Dodd.htm	Chris Dodd
TX/Lloyd_Doggett.htm	Lloyd Doggett
Senate/Bob_Dole.htm	Bob Dole
Elizabeth_Dole.htm	Elizabeth Dole
Senate/Pete_Domenici.htm	Pete Domenici
CA/Cal_Dooley.htm	Cal Dooley
CA/John_Doolittle.htm	John Doolittle
Senate/Byron_Dorgan.htm	Byron Dorgan
CA/Bob_Dornan.htm	Bob Dornan
Jmi_Douglas.htm	Jim Douglas
Senate2000/Eugene_Douglass.htm	Eugene Douglass
PA/Mike_Doyle.htm	Mike Doyle
CA/David_Dreier.htm	David Dreier
House/Jimmy_Duncan.htm	Jimmy Duncan
House/Jennifer_Dunn.htm	Jennifer Dunn
Senate/Richard_Durbin.htm	Richard Durbin
http://www.issues2000.org/James_Durkin.htm	James Durkin
Mark_Earley.htm	Mark Earley
Mike_Easley.htm	Mike Easley
Senate2000/John_Eastman.htm	John Eastman
TX/Chet_Edwards.htm	Chet Edwards
Senate/John_Edwards.htm	John Edwards
MI/Vernon_Ehlers.htm	Vernon Ehlers
House/Robert_Ehrlich.htm	Robert Ehrlich
http://www.OnTheIssues.org/IL/Rahm_Emanuel.htm	Rahm Emanuel
House/Bill_Emerson.htm	Bill Emerson
House/Jo_Ann_Emerson.htm	Jo Ann Emerson
NY/Eliot_Engel.htm	Eliot Engel
John_Engler.htm	John Engler
PA/Phil_English.htm	Phil English
Senate/John_Ensign.htm	John Ensign
Senate/Michael_Enzi.htm	Michael Enzi
CA/Anna_Eshoo.htm	Anna Eshoo
NC/Bob_Etheridge.htm	Bob Etheridge
Donald_Evans.htm	Donald Evans
IL/Lane_Evans.htm	Lane Evans
Senate2000/Larry_Evans.htm	Larry Evans
House/Terry_Everett.htm	Terry Everett
IL/Thomas_Ewing.htm	Thomas Ewing
Senate/Jim_Exon.htm	Jim Exon
Senate/Lauch_Faircloth.htm	Lauch Faircloth
House/Eni_Faleomavaega.htm	Eni Faleomavaega
http://www.MassScorecard.org/MA_Senate/Susan_Fargo.htm	Susan Fargo
CA/Sam_Farr.htm	Sam Farr
PA/Chaka_Fattah.htm	Chaka Fattah
IL/Harris_Fawell.htm	Harris Fawell
CA/Vic_Fazio.htm	Vic Fazio
Senate2000/John_Featherman.htm	John Featherman
http://www.OnTheIssues.org/FL/Tom_Feeney.htm	Tom Feeney
Senate/Russell_Feingold.htm	Russell Feingold
Senate/Dianne_Feinstein.htm	Dianne Feinstein
NJ/Mike_Ferguson.htm	Mike Ferguson
TX/Jack_Fields.htm	Jack Fields
CA/Bob_Filner.htm	Bob Filner
Senate/Peter_Fitzgerald.htm	Peter Fitzgerald
House/Jeff_Flake.htm	Jeff Flake
Senate2000/Ed_Flanagan.htm	Ed Flanagan
IL/Mike_Flanagan.htm	Mike Flanagan
House/Ernie_Fletcher.htm	Ernie Fletcher
Senate2000/Hugh_Foley.htm	Hugh Foley
FL/Mark_Foley.htm	Mark Foley
NY/Michael_Forbes.htm	Michael Forbes
VA/Randy_Forbes.htm	Randy Forbes
Steve_Forbes.htm	Steve Forbes
Gerald_Ford.htm	Gerald Ford
House/Harold_Ford.htm	Harold Ford
Senate/Wendell_Ford.htm	Wendell Ford
Kirk_Fordice.htm	Kirk Fordice
http://www.issues2000.org/Douglas_Forrester.htm	Douglas Forrester
NY/Vito_Fossella.htm	Vito Fossella
Mike_Foster.htm	Mike Foster
FL/Tillie_Fowler.htm	Tillie Fowler
PA/Jon_Fox.htm	Jon Fox
MA/Barney_Frank.htm	Barney Frank
House/Gary_Franks.htm	Gary Franks
NJ/Robert_Franks.htm	Robert Franks
http://www.OnTheIssues.org/House/Trent_Franks.htm	Trent Franks
NJ/Rodney_Frelinghuysen.htm	Rodney Frelinghuysen
Milton_Friedman.htm	Milton Friedman
NY/Daniel_Frisa.htm	Daniel Frisa
Senate/Bill_Frist.htm	Bill Frist
TX/Martin_Frost.htm	Martin Frost
NC/David_Funderburk.htm	David Funderburk
House/Elizabeth_Furse.htm	Elizabeth Furse
Senate2000/David_Gallaher.htm	David Gallaher
CA/Elton_Gallegly.htm	Elton Gallegly
William_Galvin.htm	William Galvin
House/Greg_Ganske.htm	Greg Ganske
http://www.OnTheIssues.org/NJ/Scott_Garrett.htm	Scott Garrett
http://www.issues2000.org/Lauren_Beth_Gash.htm	Lauren Beth Gash
Senate2000/Jeff_Gates.htm	Jeff Gates
House/Sam_Gejdenson.htm	Sam Gejdenson
PA/George_Gekas.htm	George Gekas
House/Dick_Gephardt.htm	Dick Gephardt
Jim_Geringer.htm	Jim Geringer
http://www.OnTheIssues.org/PA/Jim_Gerlach.htm	Jim Gerlach
House/Jim_Gibbons.htm	Jim Gibbons
Senate2000/James_Gibson.htm	James Gibson
House/Wayne_Gilchrest.htm	Wayne Gilchrest
Senate2000/Jim_Giles.htm	Jim Giles
Senate2000/John_Gillespie.htm	John Gillespie
OH/Paul_Gillmor.htm	Paul Gillmor
NY/Benjamin_Gilman.htm	Benjamin Gilman
Jim_Gilmore.htm	Jim Gilmore
http://www.OnTheIssues.org/GA/Phil_Gingrey.htm	Phil Gingrey
Newt_Gingrich.htm	Newt Gingrich
Ruth_Bader_Ginsburg.htm	Ruth Bader Ginsburg
Senate2000/Philip_Giordano.htm	Philip Giordano
Rudy_Giuliani.htm	Rudy Giuliani
Parris_Glendening.htm	Parris Glendening
Senate/John_Glenn.htm	John Glenn
http://www.MassScorecard.org/MA_Senate/Guy_Glodis.htm	Guy Glodis
http://www.issues2000.org/Nat_Goldhaber.htm	Nat Goldhaber
TX/Charlie_Gonzale.htmz	Charlie Gonzalez
VA/Virgil_Goode.htm	Virgil Goode
VA/Bob_Goodlatte.htm	Bob Goodlatte
PA/Bill_Goodling.htm	Bill Goodling
House/Bart_Gordon.htm	Bart Gordon
Jesse_Gordon.htm	Jesse Gordon
Al_Gore.htm	Al Gore
Senate/Tipper_Gore.htm	Tipper Gore
Senate/Slade_Gorton.htm	Slade Gorton
FL/Porter_Goss.htm	Porter Goss
Senate/Bob_Graham.htm	Bob Graham
House/Lindsey_Graham.htm	Lindsey Graham
Senate/Phil_Gramm.htm	Phil Gramm
Senate/Rod_Grams.htm	Rod Grams
TX/Kay_Granger.htm	Kay Granger
Jennifer_Granholm.htm	Jennifer Granholm
Senate/Chuck_Grassley.htm	Chuck Grassley
Bill_Graves.htm	Bill Graves
House/Samuel_Graves.htm	Samuel Graves
TX/Gene_Green.htm	Gene Green
House/Mark_Green.htm	Mark Green
Senate2000/Richard_C__Green.htm	Richard C. Green
PA/Jim_Greenwood.htm	Jim Greenwood
Senate/Judd_Gregg.htm	Judd Gregg
http://www.OnTheIssues.org/House/Raul_Grijalva.htm	Raul Grijalva
Steve_Grossman.htm	Steve Grossman
NY/Felix_Grucci.htm	Felix Grucci
Kenny_Guinn.htm	Kenny Guinn
House/Steve_Gunderson.htm	Steve Gunderson
Carl_Gutierre.htmz	Carl Gutierrez
IL/Luis_Gutierre.htmz	Luis Gutierrez
House/Gil_Gutknecht.htm	Gil Gutknecht
Senate/Chuck_Hagel.htm	Chuck Hagel
John_Hagelin.htm	John Hagelin
John_Hager.htm	John Hager
Senate2000/James_Hall.htm	James Hall
TX/Ralph_Moody_Hall.htm	Ralph Moody Hall
OH/Tony_Hall.htm	Tony Hall
IN/Lee_Hamilton.htm	Lee Hamilton
House/Mel_Hancock.htm	Mel Hancock
House/James_Hansen.htm	James Hansen
Senate/Tom_Harkin.htm	Tom Harkin
CA/Jane_Harman.htm	Jane Harman
FL/Katherine_Harris.htm	Katherine Harris
http://www.MassScorecard.org/MA_Senate/John_Hart.htm	John Hart
PA/Melissa_Hart.htm	Melissa Hart
IL/Denny_Hastert.htm	Denny Hastert
FL/Alcee_Hastings.htm	Alcee Hastings
House/Doc_Hastings.htm	Doc Hastings
Senate/Orrin_Hatch.htm	Orrin Hatch
Senate/Mark_Hatfield.htm	Mark Hatfield
http://www.MassScorecard.org/MA_Senate/Robert_Havern.htm	Robert Havern
NC/Robin_Hayes.htm	Robin Hayes
House/J_D__Hayworth.htm	J.D. Hayworth
http://www.MassScorecard.org/MA_Senate/Robert_Hedlund.htm	Robert Hedlund
House/Joel_Hefley.htm	Joel Hefley
NC/Bill_Hefner.htm	Bill Hefner
NC/Fred_Heineman.htm	Fred Heineman
Senate/Jesse_Helms.htm	Jesse Helms
http://www.OnTheIssues.org/TX/Jeb_Hensarling.htm	Jeb Hensarling
CA/Wally_Herger.htm	Wally Herger
IN/Baron_Hill.htm	Baron Hill
House/Rick_Hill.htm	Rick Hill
House/Van_Hilleary.htm	Van Hilleary
House/Earl_Hilliard.htm	Earl Hilliard
NY/Maurice_Hinchey.htm	Maurice Hinchey
TX/Ruben_Hinojosa.htm	Ruben Hinojosa
OH/Dave_Hobson.htm	Dave Hobson
Jim_Hodges.htm	Jim Hodges
PA/Joseph_Hoeffel.htm	Joseph Hoeffel
MI/Peter_Hoekstra.htm	Peter Hoekstra
John_Hoeven.htm	John Hoeven
OH/Martin_Hoke.htm	Martin Hoke
Bob_Holden.htm	Bob Holden
PA/Tim_Holden.htm	Tim Holden
Senate/Fritz_Hollings.htm	Fritz Hollings
NJ/Rush_Holt.htm	Rush Holt
CA/Mike_Honda.htm	Mike Honda
House/Darlene_Hooley.htm	Darlene Hooley
Senate2000/Steve_Hopkins.htm	Steve Hopkins
CA/Steve_Horn.htm	Steve Horn
IN/John_Hostettler.htm	John Hostettler
NY/Amo_Houghton.htm	Amo Houghton
Carla_Howell.htm	Carla Howell
Senate2000/Scott_Howell.htm	Scott Howell
House/Steny_Hoyer.htm	Steny Hoyer
Senate2000/Rick_Hubbard.htm	Rick Hubbard
Mike_Huckabee.htm	Mike Huckabee
Arianna_Huffington.htm	Arianna Huffington
Jane_Dee_Hull.htm	Jane Dee Hull
House/Kenny_Hulshof.htm	Kenny Hulshof
James_Hunt.htm	James Hunt
CA/Duncan_Hunter.htm	Duncan Hunter
Asa_Hutchinson.htm	Asa Hutchinson
Senate/Tim_Hutchinson.htm	Tim Hutchinson
Senate/Kay_Bailey_Hutchison.htm	Kay Bailey Hutchison
IL/Henry_Hyde.htm	Henry Hyde
House/Bob_Inglis.htm	Bob Inglis
Senate/James_Inhofe.htm	James Inhofe
Senate/Daniel_Inouye.htm	Daniel Inouye
House/Jay_Inslee.htm	Jay Inslee
GA/Johnny_Isakson.htm	Johnny Isakson
NY/Steve_Israel.htm	Steve Israel
CA/Darrell_Issa.htm	Darrell Issa
House/Ernest_Istook.htm	Ernest Istook
IL/Jesse_Jackson.htm	Jesse Louis Jackson
Rev__Jesse_Jackson.htm	Rev. Jesse Jackson
http://www.MassScorecard.org/MA_Senate/Cheryl_Jacques.htm	Cheryl Jacques
Bill_Janklow.htm	Bill Janklow
Senate2000/Jeff_Jared.htm	Jeff Jared
House/William_Jefferson.htm	William Jefferson
Senate/Jim_Jeffords.htm	Jim Jeffords
House/Bill_Jenkins.htm	Bill Jenkins
Mike_Johanns.htm	Mike Johanns
House/Chris_John.htm	Chris John
Senate2000/Charles_Johnson.htm	Charles Johnson
Senate2000/David_Johnson.htm	David Johnson
TX/Eddie_Johnson.htm	Eddie Bernice Johnson
Gary_Johnson.htm	Gary Johnson
House/Nancy_Johnson.htm	Nancy Lee Johnson
TX/Sam_Johnson.htm	Sam Johnson
Senate/Tim_Johnson.htm	Tim Johnson
IL/Timothy_Johnson.htm	Timothy Johnson
Senate/Bennett_Johnston.htm	Bennett Johnston
OH/Stephanie_Tubbs_Jones.htm	Stephanie Tubbs Jones
NC/Walter_Beaman_Jones.htm	Walter Beaman Jones
http://www.MassScorecard.org/MA_Senate/Brian_Joyce.htm	Brian Joyce
PA/Paul_Kanjorski.htm	Paul Kanjorski
OH/Marcy_Kaptur.htm	Marcy Kaptur
OH/John_Kasich.htm	John Kasich
Senate/Nancy_Kassebaum.htm	Nancy Kassebaum
Frank_Keating.htm	Frank Keating
FL/Ric_Keller.htm	Ric Keller
Senate2000/Gene_Kelley.htm	Gene Kelley
NY/Sue_Kelly.htm	Sue Kelly
Senate/Dirk_Kempthorne.htm	Dirk Kempthorne
Anthony_Kennedy.htm	Anthony Kennedy
House/Mark_Kennedy.htm	Mark Kennedy
House/Patrick_Kennedy.htm	Patrick Kennedy
Senate/Ted_Kennedy.htm	Ted Kennedy
House/Barbara_Bailey_Kennelly.htm	Barbara Bailey Kennelly
Joseph_Kernan.htm	Joseph Kernan
IN/Brian_Kerns.htm	Brian Kerns
Senate/Bob_Kerrey.htm	Bob Kerrey
John_Kerry.htm	John Kerry
Alan_Keyes.htm	Alan Keyes
MI/Dale_Kildee.htm	Dale Kildee
MI/Carolyn_Kilpatrick.htm	Carolyn Kilpatrick
CA/Jay_Kim.htm	Jay Kim
House/Ron_Kind.htm	Ron Kind
Angus_King.htm	Angus King
NY/Peter_King.htm	Peter King
http://www.OnTheIssues.org/House/Steve_King.htm	Steve King
GA/Jack_Kingston.htm	Jack Kingston
Senate2000/Joel_Kinstle.htm	Joel Kinstle
IL/Mark_Kirk.htm	Mark Kirk
Senate/Ron_Kirk.htm	Ron Kirk
John_Kitzhaber.htm	John Kitzhaber
House/Jerry_Kleczka.htm	Jerry Kleczka
http://www.OnTheIssues.org/House/John_Kline.htm	John Kline
PA/Ron_Klink.htm	Ron Klink
House/Scott_Klug.htm	Scott Klug
http://www.MassScorecard.org/MA_Senate/Michael_Knapik.htm	Michael Knapik
MI/Joe_Knollenberg.htm	Joe Knollenberg
Tony_Knowles.htm	Tony Knowles
Senate/Herbert_Kohl.htm	Herbert Kohl
House/Jim_Kolbe.htm	Jim Kolbe
OH/Dennis_Kucinich.htm	Dennis Kucinich
Ted_Kulongoski.htm	Ted Kulongoski
CA/Steven_Kuykendall.htm	Steven Kuykendall
Senate/Jon_Kyl.htm	Jon Kyl
NY/John_LaFalce.htm	John LaFalce
IL/Ray_LaHood.htm	Ray LaHood
TX/Nicholas_Lampson.htm	Nicholas Lampson
Senate/Mary_Landrieu.htm	Mary Landrieu
House/James_Langevin.htm	James Langevin
CA/Tom_Lantos.htm	Tom Lantos
House/Steve_Largent.htm	Steve Largent
House/Rick_Larsen.htm	Rick Larsen
House/John_Larson.htm	John Larson
House/Tom_Latham.htm	Tom Latham
OH/Steven_LaTourette.htm	Steven LaTourette
Senate/Frank_Lautenberg.htm	Frank Lautenberg
Senate2000/Philip_Lawler.htm	Philip Lawler
Senate2000/Mark_Lawrence.htm	Mark Lawrence
NY/Rick_Lazio.htm	Rick Lazio
House/Jim_Leach.htm	Jim Leach
Senate/Patrick_Leahy.htm	Patrick Leahy
Mike_Leavitt.htm	Mike Leavitt
CA/Barbara_Lee.htm	Barbara Lee
TX/Sheila_Jackson_Lee.htm	Sheila Jackson Lee
http://www.MassScorecard.org/MA_Senate/Brian_Lees.htm	Brian Lees
Senate/Carl_Levin.htm	Carl Levin
MI/Sander_Levin.htm	Sander Levin
http://www.issues2000.org/Al_Lewis.htm	Al Lewis
CA/Jerry_Lewis.htm	Jerry Lewis
GA/John_Lewis.htm	John Lewis
House/Ron_Lewis.htm	Ron Lewis
Joseph_Lieberman.htm	Joseph Lieberman
Senate2000/Gail_Lightfoot.htm	Gail Lightfoot
House/Jim_Lightfoot.htm	Jim Lightfoot
Rush_Limbaugh.htm	Rush Limbaugh
Senate/Blanche_Lambert_Lincoln	Blanche Lambert Lincoln
GA/John_Linder.htm	John Linder
Senate2000/Martin_Lindstedt_ht	Martin Lindstedt
Linda_Lingle.htm	Linda Lingle
IL/William_Lipinski.htm	William Lipinski
House/Bob_Livingston.htm	Bob Livingston
NJ/Frank_LoBiondo.htm	Frank LoBiondo
Gary_Locke.htm	Gary Locke
CA/Zoe_Lofgren.htm	Zoe Lofgren
Senate2000/Mel_Logan.htm	Mel Logan
Senate2000/Willie_Logan.htm	Willie Logan
House/Jim_Longley.htm	Jim Longley
Senate/Trent_Lott.htm	Trent Lott
NY/Nita_Lowey.htm	Nita Lowey
House/Frank_Dean_Lucas.htm	Frank Dean Lucas
House/Ken_Lucas.htm	Ken Lucas
Senate/Richard_Lugar.htm	Richard Lugar
House/Bill_Luther.htm	Bill Luther
MA/Steve_Lynch.htm	Steve Lynch
Senate2000/Paul_MacGregor.htm	Paul MacGregor
Senate/Connie_Mack.htm	Connie Mack
http://www.MassScorecard.org/MA_Senate/David_Magnani.htm	David Magnani
http://www.OnTheIssues.org/GA/Denise_Majette.htm	Denise Majette
NY/Carolyn_Maloney.htm	Carolyn Maloney
House/Jim_Maloney.htm	Jim Maloney
IL/Donald_Manzullo.htm	Donald Manzullo
MA/Ed_Markey.htm	Ed Markey
http://www.OnTheIssues.org/GA/Jim_Marshall.htm	Jim Marshall
PA/Tom_Martin.htm	Tom Martin
CA/Marty_Martine.htmz	Marty Martinez
Mel_Martine.htmz	Mel Martinez
Judy_Mart.htmz	Judy Martz
PA/Frank_Mascara.htm	Frank Mascara
House/Jim_Matheson.htm	Jim Matheson
CA/Robert_Matsui.htm	Robert Matsui
Senate2000/Mack_Mattingly.htm	Mack Mattingly
http://www.issues2000.org/Charlie_Matulka.htm	Charlie Matulka
Senate2000/John_McAlister.htm	John McAlister
Senate/John_McCain.htm	John McCain
Scott_McCallum.htm	Scott McCallum
NY/Carolyn_McCarthy.htm	Carolyn McCarthy
House/Karen_McCarthy.htm	Karen McCarthy
House/Betty_McCollum.htm	Betty McCollum
FL/Bill_McCollum.htm	Bill McCollum
Senate/Mitch_McConnell.htm	Mitch McConnell
http://www.OnTheIssues.org/MI/Thad_McCotter.htm	Thad McCotter
House/Jim_McCrery.htm	Jim McCrery
PA/Joe_McDade.htm	Joe McDade
House/Jim_McDermott.htm	Jim McDermott
http://www.MassScorecard.org/MA_Senate/Thomas_McGee.htm	Thomas McGee
MA/Jim_McGovern.htm	Jim McGovern
Jim_McGreevey.htm	Jim McGreevey
NY/John_McHugh.htm	John McHugh
House/Scott_McInnis.htm	Scott McInnis
IN/David_McIntosh.htm	David McIntosh
NC/Mike_McIntyre.htm	Mike McIntyre
Senate2000/Kevin_McKeigue.htm	Kevin McKeigue
CA/Buck_McKeon.htm	Buck McKeon
GA/Cynthia_McKinney.htm	Cynthia McKinney
NY/Michael_McNulty.htm	Michael McNulty
MA/Marty_Meehan.htm	Marty Meehan
FL/Carrie_Meek.htm	Carrie Meek
http://www.OnTheIssues.org/FL/Kendrick_Meek.htm	Kendrick Meek
NY/Gregory_Meeks.htm	Gregory Meeks
http://www.MassScorecard.org/MA_Senate/Linda_Melconian.htm	Linda Melconian
http://www.MassScorecard.org/MA_Senate/Joan_Menard.htm	Joan Menard
NJ/Robert_Menende.htmz	Robert Menendez
House/Jack_Metcalf.htm	Jack Metcalf
House/Jan_Meyers.htm	Jan Meyers
FL/John_Mica.htm	John Mica
http://www.OnTheIssues.org/House/Michael_Michaud.htm	Michael Michaud
Senate/Barbara_Mikulski.htm	Barbara Mikulski
CA/Juanita_Millender-McDonald_	Juanita Millender-McDonald
http://www.OnTheIssues.org/NC/Brad_Miller.htm	Brad Miller
http://www.OnTheIssues.org/MI/Candice_Miller.htm	Candice Miller
FL/Dan_Miller.htm	Dan Miller
CA/Gary_Miller.htm	Gary Miller
CA/George_Miller.htm	George Miller
FL/Jeff_Miller.htm	Jeff Miller
Senate/Zell_Miller.htm	Zell Miller
Norman_Mineta.htm	Norman Mineta
House/David_Minge.htm	David Minge
House/Patsy_Mink.htm	Patsy Mink
Ruth_Ann_Minner.htm	Ruth Ann Minner
MA/Joe_Moakley.htm	Joe Moakley
NY/Susan_Molinari.htm	Susan Molinari
House/Alan_Mollohan.htm	Alan Mollohan
Walter_Mondale.htm	Walter Mondale
http://www.MassScorecard.org/MA_Senate/Mark_Montigny.htm	Mark Montigny
House/Dennis_Moore.htm	Dennis Moore
http://www.MassScorecard.org/MA_Senate/Richard_Moore.htm	Richard Moore
CA/Carlos_Moorhead.htm	Carlos Moorhead
VA/James_Moran.htm	James Moran
House/Jerry_Moran.htm	Jerry Moran
House/Connie_Morella.htm	Connie Morella
http://www.MassScorecard.org/MA_Senate/Michael_Morrissey.htm	Michael Morrissey
Senate/Carol_Moseley-Braun.htm	Carol Moseley-Braun
Senate/Pat_Moynihan.htm	Pat Moynihan
Senate/Frank_Murkowski.htm	Frank Murkowski
Senate/Lisa_Murkowski.htm	Lisa Murkowski
http://www.OnTheIssues.org/PA/Tim_Murphy.htm	Tim Murphy
Senate/Patty_Murray.htm	Patty Murray
http://www.MassScorecard.org/MA_Senate/Therese_Murray.htm	Therese Murray
PA/John_Murtha.htm	John Murtha
http://www.OnTheIssues.org/House/Marilyn_Musgrave.htm	Marilyn Musgrave
Ronnie_Musgrove.htm	Ronnie Musgrove
IN/John_Myers.htm	John Myers
NC/Sue_Myrick.htm	Sue Myrick
Ralph_Nader.htm	Ralph Nader
NY/Jerrold_Nadler.htm	Jerrold Nadler
CA/Grace_Napolitano.htm	Grace Napolitano
Senate2000/Lewis_Napper.htm	Lewis Napper
MA/Richard_Neal.htm	Richard Neal
Senate/Ben_Nelson.htm	Ben Nelson
Senate/Bill_Nelson.htm	Bill Nelson
House/George_Nethercutt.htm	George Nethercutt
http://www.OnTheIssues.org/TX/Randy_Neugebauer.htm	Randy Neugebauer
House/Mark_Neumann.htm	Mark Neumann
OH/Bob_Ney.htm	Bob Ney
Senate/Don_Nickles.htm	Don Nickles
Richard_Nixon.htm	Richard Nixon
House/Anne_Northup.htm	Anne Meagher Northup
House/Eleanor_Holmes_Norton_ht	Eleanor Holmes Norton
Gale_Norton.htm	Gale Norton
GA/Charlie_Norwood.htm	Charlie Norwood
http://www.MassScorecard.org/MA_Senate/Andrea_Nuciforo.htm	Andrea Nuciforo
http://www.OnTheIssues.org/CA/Devin_Nunes.htm	Devin Nunes
Senate/Sam_Nunn.htm	Sam Nunn
House/Jim_Nussle.htm	Jim Nussle
Frank_O_Bannon.htm	Frank O'Bannon
House/James_Oberstar.htm	James Oberstar
House/David_Obey.htm	David Obey
Shannon_O" brien.htm'="	Shannon O'Brien
Sandra_Day_O_Connor.htm	Sandra Day O'Connor
Senate2000/Shawn_OHara.htm	Shawn OHara
http://www.MassScorecard.org/MA_Senate/Robert_O" leary.htm'="	Robert O`Leary
MA/John_Olver.htm	John Olver
Paul_O_Neill.htm	Paul O'Neill
TX/Solomon_Orti.htmz	Solomon Ortiz
House/Tom_Osborne.htm	Tom Osborne
CA/Doug_Ose.htm	Doug Ose
House/Butch_Otter.htm	Butch Otter
Bill_Owens.htm	Bill Owens
NY/Major_Owens.htm	Major Owens
Senate2000/David_Ownby.htm	David Ownby
OH/Michael_Oxley.htm	Michael Oxley
http://www.MassScorecard.org/MA_Senate/Marc_Pacheco.htm	Marc Pacheco
CA/Ron_Packard.htm	Ron Packard
Rod_Paige.htm	Rod Paige
NJ/Frank_Pallone.htm	Frank Pallone
http://www.MassScorecard.org/MA_Senate/Steven_Panagiotakos.htm	Steven Panagiotakos
http://www.issues2000.org/Susan_Parker.htm	Susan Parker
Democratic_Party.htm	Democratic Party
Green_Party.htm	Green Party
Libertarian_Party.htm	Libertarian Party
Natural_Law_Party.htm	Natural Law Party
Reform_Party.htm	Reform Party
Republican_Party.htm	Republican Party
NJ/Bill_Pascrell.htm	Bill Pascrell
House/Ed_Pastor.htm	Ed Pastor
George_Pataki.htm	George Pataki
Paul_Patton.htm	Paul Patton
TX/Ron_Paul.htm	Ron Paul
Tim_Pawlenty.htm	Tim Pawlenty
NY/Bill_Paxon.htm	Bill Paxon
NJ/Donald_Payne.htm	Donald Payne
http://www.OnTheIssues.org/House/Steven_Pearce.htm	Steven Pearce
IN/Ed_Pease.htm	Ed Pease
Senate/Claiborne_Pell.htm	Claiborne Pell
CA/Nancy_Pelosi.htm	Nancy Pelosi
IN/Mike_Pence.htm	Mike Pence
Sonny_Perdue.htm	Sonny Perdue
Ross_Perot.htm	Ross Perot
Rick_Perry.htm	Rick Perry
House/Collin_Peterson.htm	Collin Peterson
PA/John_Peterson.htm	John Peterson
Senate2000/Tim_Peterson.htm	Tim Peterson
House/Tom_Petri.htm	Tom Petri
IL/David_Phelps.htm	David Phelps
Howard_Phillips.htm	Howard Phillips
House/Chip_Pickering.htm	Chip Pickering
VA/Owen_Pickett.htm	Owen Pickett
http://www.issues2000.org/Chellie_Pingree.htm	Chellie Pingree
PA/Joseph_Pitts.htm	Joseph Pitts
PA/Todd_Platts.htm	Todd Platts
CA/Richard_Pombo.htm	Richard Pombo
House/Earl_Pomeroy.htm	Earl Pomeroy
IL/John_Porter.htm	John Porter
http://www.OnTheIssues.org/House/Jon_Porter.htm	Jon Porter
OH/Rob_Portman.htm	Rob Portman
IL/Glenn_Poshard.htm	Glenn Poshard
Colin_Powell.htm	Colin Powell
Senate/Larry_Pressler.htm	Larry Pressler
NC/David_Eugene_Price.htm	David Eugene Price
Anthony_Principi.htm	Anthony Principi
OH/Deborah_Pryce.htm	Deborah Pryce
Senate/David_Pryor.htm	David Pryor
http://www.issues2000.org/Mark_Pryor.htm	Mark Pryor
FL/Adam_Putnam.htm	Adam Putnam
Dan_Quayle.htm	Dan Quayle
House/James_Quillen.htm	James Quillen
NY/Jack_Quinn.htm	Jack Quinn
Marc_Racicot.htm	Marc Racicot
http://www.issues2000.org/Rocky_Raczkowski.htm	Rocky Raczkowski
CA/George_Radanovich.htm	George Radanovich
House/Nick_Rahall.htm	Nick Rahall
House/Jim_Ramstad.htm	Jim Ramstad
NY/Charles_Rangel.htm	Charles Rangel
Senate2000/Sam_Rankin.htm	Sam Rankin
Senate2000/Paul_Rappaport.htm	Paul Rappaport
Ronald_Reagan.htm	Ronald Reagan
Senate2000/William_Redmond.htm	William Redmond
Senate/Jack_Reed.htm	Jack Reed
Senate2000/Brian_Rees.htm	Brian Rees
OH/Ralph_Regula.htm	Ralph Regula
House/Dennis_Rehberg.htm	Dennis Rehberg
William_Rehnquist.htm	William Rehnquist
Robert_Reich.htm	Robert Reich
Senate/Harry_Reid.htm	Harry Reid
Ed_Rendell.htm	Ed Rendell
Janet_Reno.htm	Janet Reno
http://www.OnTheIssues.org/House/Rick_Renzi.htm	Rick Renzi
http://www.MassScorecard.org/MA_Senate/Pamela_Resor.htm	Pamela Resor
TX/Silvestre_Reyes.htm	Silvestre Reyes
NY/Thomas_Reynolds.htm	Thomas Reynolds
Bill_Richardson.htm	Bill Richardson
Tom_Ridge.htm	Tom Ridge
CA/Frank_Riggs.htm	Frank Riggs
House/Bob_Riley.htm	Bob Riley
Robert_Riley.htm	Robert Riley
MI/Lynn_Rivers.htm	Lynn Nancy Rivers
Senate/Charles_Robb.htm	Charles Robb
Senate/Pat_Roberts.htm	Pat Roberts
Senate2000/Jack_Robinson.htm	Jack Robinson
Senate/John_Rockefeller.htm	John Rockefeller
TX/Ciro_Rodrigue.htmz	Ciro Rodriguez
IN/Tim_Roemer.htm	Tim Roemer
CA/James_Rogan.htm	James Rogan
House/Hal_Rogers.htm	Hal Rogers
MI/Mike_Rogers.htm	Mike Rogers
CA/Dana_Rohrabacher.htm	Dana Rohrabacher
http://www.MassScorecard.org/MA_Senate/Stanley_Rosenberg.htm	Stanley Rosenberg
FL/Ileana_Ros-Lehtinen.htm	Ileana Ros-Lehtinen
House/Mike_Ross.htm	Mike Ross
House/Toby_Roth.htm	Toby Roth
Senate/William_Roth.htm	William Roth
NJ/Steven_Rothman.htm	Steven Rothman
NJ/Marge_Roukema.htm	Marge Roukema
Mike_Rounds.htm	Mike Rounds
John_Rowland.htm	John Rowland
CA/Lucille_Roybal-Allard.htm	Lucille Roybal-Allard
CA/Ed_Royce.htm	Ed Royce
Senate2000/Peter_Ruane.htm	Peter Ruane
Donald_Rumsfeld.htm	Donald Rumsfeld
http://www.OnTheIssues.org/House/Dutch_Ruppersberger.htm	Dutch Ruppersberger
IL/Bobby_Rush.htm	Bobby Rush
Senate2000/Mary_Ruwart.htm	Mary Ruwart
George_Ryan.htm	George Ryan
House/Paul_Ryan.htm	Paul Ryan
http://www.OnTheIssues.org/OH/Tim_Ryan.htm	Tim Ryan
House/Jim_Ryun.htm	Jim Ryun
House/Martin_Sabo.htm	Martin Sabo
House/Matt_Salmon.htm	Matt Salmon
http://www.OnTheIssues.org/CA/Linda_Sanchez.htm	Linda Sanchez
CA/Loretta_Sanche.htmz	Loretta Sanchez
Senate2000/Duane_Sand.htm	Duane Sand
Senate2000/Douglas_Sandage.htm	Douglas Sandage
Senate/Alex_Sanders.htm	Alex Sanders
House/Bernie_Sanders.htm	Bernie Sanders
TX/Max_Sandlin.htm	Max Sandlin
Mark_Sanford.htm	Mark Sanford
Senate/Rick_Santorum.htm	Rick Santorum
Senate/Paul_Sarbanes.htm	Paul Sarbanes
OH/Tom_Sawyer.htm	Tom Sawyer
NJ/Jim_Saxton.htm	Jim Saxton
Antonin_Scalia.htm	Antonin Scalia
FL/Joe_Scarborough.htm	Joe Scarborough
House/Dan_Schaefer.htm	Dan Schaefer
Edward_Schafer.htm	Edward Schafer
House/Bob_Schaffer.htm	Bob Schaffer
IL/Jan_Schakowsky.htm	Jan Schakowsky
CA/Adam_Schiff.htm	Adam Schiff
VA/Edward_Schrock.htm	Edward Schrock
Senate/Charles_Schumer.htm	Charles Schumer
Bret_Schundler.htm	Bret Schundler
Mark_Schweiker.htm	Mark Schweiker
Senate2000/Brian_Schweitzer_ht	Brian Schweitzer
VA/Bobby_Scott.htm	Bobby Scott
http://www.OnTheIssues.org/GA/David_Scott.htm	David Scott
CA/Andrea_Seastrand.htm	Andrea Seastrand
House/James_Sensenbrenner.htm	James Sensenbrenner
NY/Jose_Serrano.htm	Jose Serrano
Senate/Jeff_Sessions.htm	Jeff Sessions
TX/Pete_Sessions.htm	Pete Sessions
House/John_Shadegg.htm	John Shadegg
Jeanne_Shaheen.htm	Jeanne Shaheen
http://www.MassScorecard.org/MA_Senate/Charles_Shannon.htm	Charles Shannon
Al_Sharpton.htm	Al Sharpton
FL/Clay_Shaw.htm	Clay Shaw
House/Christopher_Shays.htm	Christopher Shays
Senate/Richard_Shelby.htm	Richard Shelby
CA/Brad_Sherman.htm	Brad Sherman
PA/Don_Sherwood.htm	Don Sherwood
IL/John_Shimkus.htm	John Shimkus
House/Ronnie_Shows.htm	Ronnie Shows
PA/Bud_Shuster.htm	Bud Shuster
Don_Siegelman.htm	Don Siegelman
House/Rob_Simmons.htm	Rob Simmons
Senate/Paul_Simon.htm	Paul Simon
Senate/Alan_Simpson.htm	Alan Simpson
House/Mike_Simpson.htm	Mike Simpson
VA/Norman_Sisisky.htm	Norman Sisisky
House/David_Skaggs.htm	David Skaggs
House/Joe_Skeen.htm	Joe Skeen
House/Ike_Skelton.htm	Ike Skelton
NY/Louise_Slaughter.htm	Louise Slaughter
Senate/Bob_Smith.htm	Bob Smith
NJ/Christopher_Smith.htm	Christopher Smith
House/David_Adam_Smith.htm	David Adam Smith
Senate/Gordon_Harold_Smith.htm	Gordon Harold Smith
TX/Lamar_Smith.htm	Lamar Smith
House/Linda_Smith.htm	Linda Smith
MI/Nick_Smith.htm	Nick Smith
Senate/Olympia_Snowe.htm	Olympia Snowe
House/Vic_Snyder.htm	Vic Snyder
CA/Hilda_Solis.htm	Hilda Solis
NY/Gerald_Solomon.htm	Gerald Solomon
IN/Mark_Souder.htm	Mark Souder
David_Souter.htm	David Souter
Senate/Arlen_Specter.htm	Arlen Specter
House/Floyd_Spence.htm	Floyd Spence
http://www.MassScorecard.org/MA_Senate/JoAnn_Sprague.htm	JoAnn Sprague
House/John_Spratt.htm	John Spratt
Senate/Debbie_Stabenow.htm	Debbie Stabenow
CA/Pete_Stark.htm	Pete Stark
Senate2000/Stuart_Starky.htm	Stuart Starky
Senate2000/Grant_Stauffer.htm	Grant Stauffer
FL/Cliff_Stearns.htm	Cliff Stearns
http://www.issues2000.org/Don_Stenberg.htm	Don Stenberg
TX/Charles_Stenholm.htm	Charles Stenholm
John_Paul_Stevens.htm	John Paul Stevens
Senate/Ted_Stevens.htm	Ted Stevens
TX/Steve_Stockman.htm	Steve Stockman
OH/Ted_Strickland.htm	Ted Strickland
http://www.issues2000.org/Tom_Strickland.htm	Tom Strickland
House/Bob_Stump.htm	Bob Stump
MI/Bart_Stupak.htm	Bart Stupak
Don_Sundquist.htm	Don Sundquist
Tauese_Sunia.htm	Tauese Sunia
House/John_Sununu.htm	John Sununu
NY/John_Sweeney.htm	John Sweeney
Jane_Swift.htm	Jane Swift
Bob_Taft.htm	Bob Taft
House/Jim_Talent.htm	Jim Talent
House/Tom_Tancredo.htm	Tom Tancredo
House/John_Tanner.htm	John Tanner
http://www.MassScorecard.org/MA_Senate/Bruce_Tarr.htm	Bruce Tarr
House/Randy_Tate.htm	Randy Tate
CA/Ellen_Tauscher.htm	Ellen Tauscher
House/Billy_Tauzin.htm	Billy Tauzin
NC/Charles_Taylor.htm	Charles Taylor
House/Gene_Taylor.htm	Gene Taylor
http://www.issues2000.org/Mike_Taylor.htm	Mike Taylor
http://www.issues2000.org/Diane_Templin.htm	Diane Templin
Pedro_Tenorio.htm	Pedro Tenorio
House/Lee_Terry.htm	Lee Terry
CA/Bill_Thomas.htm	Bill Thomas
Clarence_Thomas.htm	Clarence Thomas
Senate/Craig_Thomas.htm	Craig Thomas
http://www.issues2000.org/Thomas_Thomassian.htm	Thomas Thomassian
House/Bennie_Thompson.htm	Bennie Thompson
Senate/Fred_Thompson.htm	Fred Thompson
CA/Mike_Thompson.htm	Mike Thompson
Tommy_Thompson.htm	Tommy Thompson
TX/Mac_Thornberry.htm	Mac Thornberry
House/John_Thune.htm	John Thune
FL/Karen_Thurman.htm	Karen Thurman
Senate/Strom_Thurmond.htm	Strom Thurmond
House/Todd_Tiahrt.htm	Todd Tiahrt
OH/Pat_Tiberi.htm	Pat Tiberi
MA/John_Tierney.htm	John Tierney
http://www.issues2000.org/Bob_Tingle.htm	Bob Tingle
http://www.MassScorecard.org/MA_Senate/Richard_Tisei.htm	Richard Tisei
http://www.MassScorecard.org/MA_Senate/Steven_Tolman.htm	Steven Tolman
Warren_Tolman.htm	Warren Tolman
PA/Pat_Toomey.htm	Pat Toomey
MA/Peter_Torkildsen.htm	Peter Torkildsen
CA/Esteban_Torres.htm	Esteban Torres
Senate/Bob_Torricelli.htm	Bob Torricelli
NY/Ed_Towns.htm	Ed Towns
OH/Jim_Traficant.htm	Jim Traficant
http://www.MassScorecard.org/MA_Senate/Robert_Travaglini.htm	Robert Travaglini
http://www.issues2000.org/Gloria_Tristani.htm	Gloria Tristani
Donald_Trump.htm	Donald Trump
http://www.MassScorecard.org/MA_Senate/Susan_Tucker.htm	Susan Tucker
Charles_Turnbull.htm	Charles Turnbull
TX/Jim_Turner.htm	Jim Turner
http://www.OnTheIssues.org/OH/Mike_Turner.htm	Mike Turner
House/Mark_Udall.htm	Mark Udall
House/Tom_Udall.htm	Tom Udall
Cecil_Underwood.htm	Cecil Underwood
House/Robert_Underwood.htm	Robert Underwood
MI/Fred_Upton.htm	Fred Upton
http://www.OnTheIssues.org/House/Chris_Van_Hollen.htm	Chris Van Hollen
NY/Nydia_Velazque.htmz	Nydia Velazquez
Ann_Veneman.htm	Ann Veneman
House/Bruce_Vento.htm	Bruce Vento
Jesse_Ventura.htm	Jesse Ventura
Tom_Vilsack.htm	Tom Vilsack
IN/Peter_Visclosky.htm	Peter Visclosky
House/David_Vitter.htm	David Vitter
Senate/George_Voinovich.htm	George Voinovich
http://www.issues2000.org/Frank_Vondersaar.htm	Frank Vondersaar
House/Barbara_Vucanovich.htm	Barbara Vucanovich
House/Greg_Walden.htm	Greg Walden
House/Enid_Waldholt.htmz	Enid Waldholtz
Olene_Walker.htm	Olene Walker
PA/Robert_Walker.htm	Robert Walker
NY/Jim_Walsh.htm	Jim Walsh
http://www.MassScorecard.org/MA_Senate/Marian_Walsh.htm	Marian Walsh
Senate2000/Winnie_Walsh.htm	Winnie Walsh
http://www.issues2000.org/David_Walters.htm	David Walters
House/Zach_Wamp.htm	Zach Wamp
Senate/John_Warner.htm	John Warner
Mark_Warner.htm	Mark Warner
CA/Maxine_Waters.htm	Maxine Waters
House/Wes_Watkins.htm	Wes Watkins
CA/Diane_Watson.htm	Diane Watson
Senate2000/Robert_Watson.htm	Robert Watson
NC/Mel_Watt.htm	Mel Watt
House/J_C__Watts.htm	J.C. Watts
CA/Henry_Waxman.htm	Henry Waxman
Senate/Louis_Wein.htm	Louis Wein
http://www.issues2000.org/Lois_Combs_Weinberg.htm	Lois Combs Weinberg
NY/Anthony_Weiner.htm	Anthony Weiner
PA/Curt_Weldon.htm	Curt Weldon
FL/Dave_Weldon.htm	Dave Weldon
IL/Jerry_Weller.htm	Jerry Weller
Senate/Paul_Wellstone.htm	Paul Wellstone
FL/Robert_Wexler.htm	Robert Wexler
Senate2000/Robert_Weygand.htm	Robert Weygand
Senate2000/Joseph_Whelan.htm	Joseph Whelan
House/Rick_White.htm	Rick White
House/Ed_Whitfield.htm	Ed Whitfield
Christie_Todd_Whitman.htm	Christie Todd Whitman
House/Roger_Wicker.htm	Roger Wicker
http://www.MassScorecard.org/MA_Senate/Dianne_Wilkerson.htm	Dianne Wilkerson
House/Heather_Wilson.htm	Heather Wilson
Bob_Wise.htm	Bob Wise
VA/Frank_Wolf.htm	Frank Wolf
http://www.issues2000.org/Jay_Wolfe.htm	Jay Wolfe
Senate2000/Bobby_Wood.htm	Bobby Wood
CA/Lynn_Woolsey.htm	Lynn Woolsey
House/David_Wu.htm	David Wu
Senate/Ron_Wyden.htm	Ron Wyden
House/Albert_Wynn.htm	Albert Wynn
FL/Bill_Young.htm	Bill Young
House/Don_Young.htm	Don Young
House/Bill_Zeliff.htm	Bill Zeliff
